{"assets/experience.json":["assets/experience.json"],"assets/img/aerab.jpg":["assets/img/aerab.jpg"],"assets/img/image.png":["assets/img/image.png"],"assets/img/iqbal.jpg":["assets/img/iqbal.jpg"],"assets/img/qrcodeapp.jpg":["assets/img/qrcodeapp.jpg"],"assets/projects.json":["assets/projects.json"],"packages/cupertino_icons/assets/CupertinoIcons.ttf":["packages/cupertino_icons/assets/CupertinoIcons.ttf"],"packages/font_awesome_flutter/lib/fonts/fa-brands-400.ttf":["packages/font_awesome_flutter/lib/fonts/fa-brands-400.ttf"],"packages/font_awesome_flutter/lib/fonts/fa-regular-400.ttf":["packages/font_awesome_flutter/lib/fonts/fa-regular-400.ttf"],"packages/font_awesome_flutter/lib/fonts/fa-solid-900.ttf":["packages/font_awesome_flutter/lib/fonts/fa-solid-900.ttf"]}