[
  {
    "title": "AerabUlQuran",
    "description": "A specialized platform for Quranic grammatical commentary, providing users with detailed Nahw and Sarf analysis through a user-friendly interface.",
    "technologies": ["Next.js", "Vercel"],
    "image": "assets/img/aerab.jpg",
    "url": "https://aerabulquran.vercel.app/"
  },
  {
    "title": "Iqbal Website and App",
    "description": "A dynamic website showcasing the works of Iqbal, leveraging Next.js for performance and Firebase for real-time data updates.",
    "technologies": ["Next.js", "Firebase"],
    "image": "assets/img/iqbal.jpg",
    "url": "https://alamaiqbal.vercel.app/"
  },
  {
    "title": "QR Code Scanner App",
    "description": "An Android application for scanning QR codes, saving scan history for user reference.",
    "technologies": ["Android"],
    "image": "assets/img/qrcodeapp.jpg",
    "url": "https://github.com/Usman-bhat/QRCodeReader/blob/master/app/release/app-release.apk"
  },
  {
    "title": "Hostel Management System",
    "description": "A comprehensive app for managing hostel operations, including student tracking, fee transactions, and notifications.",
    "technologies": ["Node.js", "SQL", "AWS"],
    "image": "assets/img/image.png",
    "url": "http://3.91.177.206"
  }
]